001	c_1_139
001	s_1_9
002	c_1_139
002	s_1_9
003	c_1_139
003	s_1_9
004	c_1_139
004	s_1_9
005	c_1_139
005	s_1_9
006	c_1_139
006	s_1_9
007	c_1_139
007	s_1_9
008	c_1_139
008	s_1_9
009	c_1_139
009	s_1_9
010	c_1_139
010	s_10_18
011	c_1_139
011	s_10_18
012	c_1_139
012	s_10_18
013	c_1_139
013	s_10_18
014	c_1_139
014	s_10_18
015	c_1_139
015	s_10_18
016	c_1_139
016	s_10_18
017	c_1_139
017	s_10_18
018	c_1_139
018	s_10_18
020	c_1_139
020	s_20_27
021	c_1_139
021	s_20_27
022	c_1_139
022	s_20_27
023	c_1_139
023	s_20_27
024	c_1_139
024	s_20_27
025	c_1_139
025	s_20_27
026	c_1_139
026	s_20_27
027	c_1_139
027	s_20_27
030	c_1_139
030	s_30_41
031	c_1_139
031	s_30_41
032	c_1_139
032	s_30_41
033	c_1_139
033	s_30_41
034	c_1_139
034	s_30_41
035	c_1_139
035	s_30_41
036	c_1_139
036	s_30_41
037	c_1_139
037	s_30_41
038	c_1_139
038	s_30_41
039	c_1_139
039	s_30_41
040	c_1_139
040	s_30_41
041	c_1_139
041	s_30_41
042	c_1_139
042	s_42_42
045	c_1_139
045	s_45_49
046	c_1_139
046	s_45_49
047	c_1_139
047	s_45_49
048	c_1_139
048	s_45_49
049	c_1_139
049	s_45_49
050	c_1_139
050	s_50_59
051	c_1_139
051	s_50_59
052	c_1_139
052	s_50_59
053	c_1_139
053	s_50_59
054	c_1_139
054	s_50_59
055	c_1_139
055	s_50_59
056	c_1_139
056	s_50_59
057	c_1_139
057	s_50_59
058	c_1_139
058	s_50_59
059	c_1_139
059	s_50_59
060	c_1_139
060	s_60_66
061	c_1_139
061	s_60_66
062	c_1_139
062	s_60_66
063	c_1_139
063	s_60_66
064	c_1_139
064	s_60_66
065	c_1_139
065	s_60_66
066	c_1_139
066	s_60_66
070	c_1_139
070	s_70_79
071	c_1_139
071	s_70_79
072	c_1_139
072	s_70_79
073	c_1_139
073	s_70_79
074	c_1_139
074	s_70_79
075	c_1_139
075	s_70_79
076	c_1_139
076	s_70_79
077	c_1_139
077	s_70_79
078	c_1_139
078	s_70_79
079	c_1_139
079	s_70_79
080	c_1_139
080	s_80_88
081	c_1_139
081	s_80_88
082	c_1_139
082	s_80_88
083	c_1_139
083	s_80_88
084	c_1_139
084	s_80_88
085	c_1_139
085	s_80_88
086	c_1_139
086	s_80_88
087	c_1_139
087	s_80_88
088	c_1_139
088	s_80_88
090	c_1_139
090	s_90_99
091	c_1_139
091	s_90_99
092	c_1_139
092	s_90_99
093	c_1_139
093	s_90_99
094	c_1_139
094	s_90_99
095	c_1_139
095	s_90_99
096	c_1_139
096	s_90_99
097	c_1_139
097	s_90_99
098	c_1_139
098	s_90_99
099	c_1_139
099	s_90_99
100	c_1_139
100	s_100_104
101	c_1_139
101	s_100_104
102	c_1_139
102	s_100_104
103	c_1_139
103	s_100_104
104	c_1_139
104	s_100_104
110	c_1_139
110	s_110_118
111	c_1_139
111	s_110_118
112	c_1_139
112	s_110_118
114	c_1_139
114	s_110_118
115	c_1_139
115	s_110_118
116	c_1_139
116	s_110_118
117	c_1_139
117	s_110_118
118	c_1_139
118	s_110_118
120	c_1_139
120	s_120_129
121	c_1_139
121	s_120_129
122	c_1_139
122	s_120_129
123	c_1_139
123	s_120_129
124	c_1_139
124	s_120_129
125	c_1_139
125	s_120_129
126	c_1_139
126	s_120_129
127	c_1_139
127	s_120_129
128	c_1_139
128	s_120_129
129	c_1_139
129	s_120_129
130	c_1_139
130	s_130_136
131	c_1_139
131	s_130_136
132	c_1_139
132	s_130_136
133	c_1_139
133	s_130_136
134	c_1_139
134	s_130_136
135	c_1_139
135	s_130_136
136	c_1_139
136	s_130_136
137	c_1_139
137	s_137_139
138	c_1_139
138	s_137_139
139	c_1_139
139	s_137_139
199	c_140_239
199	s_190_199
209	c_140_239
209	s_209_209
239	c_140_239
239	s_239_239
140	c_140_239
140	s_140_149
141	c_140_239
141	s_140_149
142	c_140_239
142	s_140_149
143	c_140_239
143	s_140_149
144	c_140_239
144	s_140_149
145	c_140_239
145	s_140_149
146	c_140_239
146	s_140_149
147	c_140_239
147	s_140_149
148	c_140_239
148	s_140_149
149	c_140_239
149	s_140_149
150	c_140_239
150	s_150_159
151	c_140_239
151	s_150_159
152	c_140_239
152	s_150_159
153	c_140_239
153	s_150_159
154	c_140_239
154	s_150_159
155	c_140_239
155	s_150_159
156	c_140_239
156	s_150_159
157	c_140_239
157	s_150_159
158	c_140_239
158	s_150_159
159	c_140_239
159	s_150_159
160	c_140_239
160	s_160_165
161	c_140_239
161	s_160_165
162	c_140_239
162	s_160_165
163	c_140_239
163	s_160_165
164	c_140_239
164	s_160_165
165	c_140_239
165	s_160_165
170	c_140_239
170	s_170_176
171	c_140_239
171	s_170_176
172	c_140_239
172	s_170_176
173	c_140_239
173	s_170_176
174	c_140_239
174	s_170_176
175	c_140_239
175	s_170_176
176	c_140_239
176	s_170_176
179	c_140_239
179	s_179_189
180	c_140_239
180	s_179_189
181	c_140_239
181	s_179_189
182	c_140_239
182	s_179_189
183	c_140_239
183	s_179_189
184	c_140_239
184	s_179_189
185	c_140_239
185	s_179_189
186	c_140_239
186	s_179_189
187	c_140_239
187	s_179_189
188	c_140_239
188	s_179_189
189	c_140_239
189	s_179_189
190	c_140_239
190	s_190_199
191	c_140_239
191	s_190_199
192	c_140_239
192	s_190_199
193	c_140_239
193	s_190_199
194	c_140_239
194	s_190_199
195	c_140_239
195	s_190_199
196	c_140_239
196	s_190_199
197	c_140_239
197	s_190_199
198	c_140_239
198	s_190_199
200	c_140_239
200	s_200_208
201	c_140_239
201	s_200_208
202	c_140_239
202	s_200_208
203	c_140_239
203	s_200_208
204	c_140_239
204	s_200_208
205	c_140_239
205	s_200_208
206	c_140_239
206	s_200_208
207	c_140_239
207	s_200_208
208	c_140_239
208	s_200_208
210	c_140_239
210	s_210_229
211	c_140_239
211	s_210_229
212	c_140_239
212	s_210_229
213	c_140_239
213	s_210_229
214	c_140_239
214	s_210_229
215	c_140_239
215	s_210_229
216	c_140_239
216	s_210_229
217	c_140_239
217	s_210_229
218	c_140_239
218	s_210_229
219	c_140_239
219	s_210_229
220	c_140_239
220	s_210_229
221	c_140_239
221	s_210_229
222	c_140_239
222	s_210_229
223	c_140_239
223	s_210_229
224	c_140_239
224	s_210_229
225	c_140_239
225	s_210_229
226	c_140_239
226	s_210_229
227	c_140_239
227	s_210_229
228	c_140_239
228	s_210_229
229	c_140_239
229	s_210_229
230	c_140_239
230	s_230_234
231	c_140_239
231	s_230_234
232	c_140_239
232	s_230_234
233	c_140_239
233	s_230_234
234	c_140_239
234	s_230_234
235	c_140_239
235	s_235_238
236	c_140_239
236	s_235_238
237	c_140_239
237	s_235_238
238	c_140_239
238	s_235_238
240	c_240_279
240	s_240_246
241	c_240_279
241	s_240_246
242	c_240_279
242	s_240_246
243	c_240_279
243	s_240_246
244	c_240_279
244	s_240_246
245	c_240_279
245	s_240_246
246	c_240_279
246	s_240_246
249	c_240_279
249	s_249_259
250	c_240_279
250	s_249_259
251	c_240_279
251	s_249_259
252	c_240_279
252	s_249_259
253	c_240_279
253	s_249_259
254	c_240_279
254	s_249_259
255	c_240_279
255	s_249_259
256	c_240_279
256	s_249_259
257	c_240_279
257	s_249_259
258	c_240_279
258	s_249_259
259	c_240_279
259	s_249_259
260	c_240_279
260	s_260_269
261	c_240_279
261	s_260_269
262	c_240_279
262	s_260_269
263	c_240_279
263	s_260_269
264	c_240_279
264	s_260_269
265	c_240_279
265	s_260_269
266	c_240_279
266	s_260_269
267	c_240_279
267	s_260_269
268	c_240_279
268	s_260_269
269	c_240_279
269	s_260_269
270	c_240_279
270	s_270_279
271	c_240_279
271	s_270_279
272	c_240_279
272	s_270_279
273	c_240_279
273	s_270_279
274	c_240_279
274	s_270_279
275	c_240_279
275	s_270_279
276	c_240_279
276	s_270_279
277	c_240_279
277	s_270_279
278	c_240_279
278	s_270_279
279	c_240_279
279	s_270_279
280	c_280_289
281	c_280_289
282	c_280_289
283	c_280_289
284	c_280_289
285	c_280_289
286	c_280_289
287	c_280_289
288	c_280_289
289	c_280_289
290	c_290_319
291	c_290_319
292	c_290_319
293	c_290_319
294	c_290_319
295	c_290_319
296	c_290_319
297	c_290_319
298	c_290_319
299	c_290_319
300	c_290_319
300	s_300_316
301	c_290_319
301	s_300_316
302	c_290_319
302	s_300_316
303	c_290_319
303	s_300_316
304	c_290_319
304	s_300_316
305	c_290_319
305	s_300_316
306	c_290_319
306	s_300_316
307	c_290_319
307	s_300_316
308	c_290_319
308	s_300_316
309	c_290_319
309	s_300_316
310	c_290_319
310	s_300_316
311	c_290_319
311	s_300_316
312	c_290_319
312	s_300_316
313	c_290_319
313	s_300_316
314	c_290_319
314	s_300_316
315	c_290_319
315	s_300_316
316	c_290_319
316	s_300_316
317	c_290_319
317	s_317_319
318	c_290_319
318	s_317_319
319	c_290_319
319	s_317_319
320	c_320_389
320	s_320_326
321	c_320_389
321	s_320_326
322	c_320_389
322	s_320_326
323	c_320_389
323	s_320_326
324	c_320_389
324	s_320_326
325	c_320_389
325	s_320_326
326	c_320_389
326	s_320_326
327	c_320_389
327	s_327_327
330	c_320_389
330	s_330_337
331	c_320_389
331	s_330_337
332	c_320_389
332	s_330_337
333	c_320_389
333	s_330_337
334	c_320_389
334	s_330_337
335	c_320_389
335	s_330_337
336	c_320_389
336	s_330_337
337	c_320_389
337	s_330_337
338	c_320_389
338	s_338_338
339	c_320_389
339	s_339_339
340	c_320_389
340	s_340_349
341	c_320_389
341	s_340_349
342	c_320_389
342	s_340_349
343	c_320_389
343	s_340_349
344	c_320_389
344	s_340_349
345	c_320_389
345	s_340_349
346	c_320_389
346	s_340_349
347	c_320_389
347	s_340_349
348	c_320_389
348	s_340_349
349	c_320_389
349	s_340_349
350	c_320_389
350	s_350_359
351	c_320_389
351	s_350_359
352	c_320_389
352	s_350_359
353	c_320_389
353	s_350_359
354	c_320_389
354	s_350_359
355	c_320_389
355	s_350_359
356	c_320_389
356	s_350_359
357	c_320_389
357	s_350_359
358	c_320_389
358	s_350_359
359	c_320_389
359	s_350_359
360	c_320_389
360	s_360_379
361	c_320_389
361	s_360_379
362	c_320_389
362	s_360_379
363	c_320_389
363	s_360_379
364	c_320_389
364	s_360_379
365	c_320_389
365	s_360_379
366	c_320_389
366	s_360_379
367	c_320_389
367	s_360_379
368	c_320_389
368	s_360_379
369	c_320_389
369	s_360_379
370	c_320_389
370	s_360_379
371	c_320_389
371	s_360_379
372	c_320_389
372	s_360_379
373	c_320_389
373	s_360_379
374	c_320_389
374	s_360_379
375	c_320_389
375	s_360_379
376	c_320_389
376	s_360_379
377	c_320_389
377	s_360_379
378	c_320_389
378	s_360_379
379	c_320_389
379	s_360_379
380	c_320_389
380	s_380_389
381	c_320_389
381	s_380_389
382	c_320_389
382	s_380_389
383	c_320_389
383	s_380_389
384	c_320_389
384	s_380_389
385	c_320_389
385	s_380_389
386	c_320_389
386	s_380_389
387	c_320_389
387	s_380_389
388	c_320_389
388	s_380_389
389	c_320_389
389	s_380_389
390	c_390_459
390	s_390_392
391	c_390_459
391	s_390_392
392	c_390_459
392	s_390_392
393	c_390_459
393	s_393_398
394	c_390_459
394	s_393_398
395	c_390_459
395	s_393_398
396	c_390_459
396	s_393_398
397	c_390_459
397	s_393_398
398	c_390_459
398	s_393_398
401	c_390_459
401	s_401_405
402	c_390_459
402	s_401_405
403	c_390_459
403	s_401_405
404	c_390_459
404	s_401_405
405	c_390_459
405	s_401_405
410	c_390_459
410	s_410_414
411	c_390_459
411	s_410_414
412	c_390_459
412	s_410_414
413	c_390_459
413	s_410_414
414	c_390_459
414	s_410_414
415	c_390_459
415	s_415_417
416	c_390_459
416	s_415_417
417	c_390_459
417	s_415_417
420	c_390_459
420	s_420_429
421	c_390_459
421	s_420_429
422	c_390_459
422	s_420_429
423	c_390_459
423	s_420_429
424	c_390_459
424	s_420_429
425	c_390_459
425	s_420_429
426	c_390_459
426	s_420_429
427	c_390_459
427	s_420_429
428	c_390_459
428	s_420_429
429	c_390_459
429	s_420_429
430	c_390_459
430	s_430_438
431	c_390_459
431	s_430_438
432	c_390_459
432	s_430_438
433	c_390_459
433	s_430_438
434	c_390_459
434	s_430_438
435	c_390_459
435	s_430_438
436	c_390_459
436	s_430_438
437	c_390_459
437	s_430_438
438	c_390_459
438	s_430_438
440	c_390_459
440	s_440_449
441	c_390_459
441	s_440_449
442	c_390_459
442	s_440_449
443	c_390_459
443	s_440_449
444	c_390_459
444	s_440_449
445	c_390_459
445	s_440_449
446	c_390_459
446	s_440_449
447	c_390_459
447	s_440_449
448	c_390_459
448	s_440_449
449	c_390_459
449	s_440_449
451	c_390_459
451	s_451_459
452	c_390_459
452	s_451_459
453	c_390_459
453	s_451_459
454	c_390_459
454	s_451_459
455	c_390_459
455	s_451_459
456	c_390_459
456	s_451_459
457	c_390_459
457	s_451_459
458	c_390_459
458	s_451_459
459	c_390_459
459	s_451_459
460	c_460_519
460	s_460_466
461	c_460_519
461	s_460_466
462	c_460_519
462	s_460_466
463	c_460_519
463	s_460_466
464	c_460_519
464	s_460_466
465	c_460_519
465	s_460_466
466	c_460_519
466	s_460_466
470	c_460_519
470	s_470_478
471	c_460_519
471	s_470_478
472	c_460_519
472	s_470_478
473	c_460_519
473	s_470_478
474	c_460_519
474	s_470_478
475	c_460_519
475	s_470_478
476	c_460_519
476	s_470_478
477	c_460_519
477	s_470_478
478	c_460_519
478	s_470_478
480	c_460_519
480	s_480_488
481	c_460_519
481	s_480_488
482	c_460_519
482	s_480_488
483	c_460_519
483	s_480_488
484	c_460_519
484	s_480_488
485	c_460_519
485	s_480_488
486	c_460_519
486	s_480_488
487	c_460_519
487	s_480_488
488	c_460_519
488	s_480_488
490	c_460_519
490	s_490_496
491	c_460_519
491	s_490_496
492	c_460_519
492	s_490_496
493	c_460_519
493	s_490_496
494	c_460_519
494	s_490_496
495	c_460_519
495	s_490_496
496	c_460_519
496	s_490_496
500	c_460_519
500	s_500_508
501	c_460_519
501	s_500_508
502	c_460_519
502	s_500_508
503	c_460_519
503	s_500_508
504	c_460_519
504	s_500_508
505	c_460_519
505	s_500_508
506	c_460_519
506	s_500_508
507	c_460_519
507	s_500_508
508	c_460_519
508	s_500_508
510	c_460_519
510	s_510_519
511	c_460_519
511	s_510_519
512	c_460_519
512	s_510_519
513	c_460_519
513	s_510_519
514	c_460_519
514	s_510_519
515	c_460_519
515	s_510_519
516	c_460_519
516	s_510_519
517	c_460_519
517	s_510_519
518	c_460_519
518	s_510_519
519	c_460_519
519	s_510_519
520	c_520_579
520	s_520_529
521	c_520_579
521	s_520_529
522	c_520_579
522	s_520_529
523	c_520_579
523	s_520_529
524	c_520_579
524	s_520_529
525	c_520_579
525	s_520_529
526	c_520_579
526	s_520_529
527	c_520_579
527	s_520_529
528	c_520_579
528	s_520_529
529	c_520_579
529	s_520_529
530	c_520_579
530	s_530_539
531	c_520_579
531	s_530_539
532	c_520_579
532	s_530_539
533	c_520_579
533	s_530_539
534	c_520_579
534	s_530_539
535	c_520_579
535	s_530_539
536	c_520_579
536	s_530_539
537	c_520_579
537	s_530_539
538	c_520_579
538	s_530_539
539	c_520_579
539	s_530_539
540	c_520_579
540	s_540_543
541	c_520_579
541	s_540_543
542	c_520_579
542	s_540_543
543	c_520_579
543	s_540_543
550	c_520_579
550	s_550_553
551	c_520_579
551	s_550_553
552	c_520_579
552	s_550_553
553	c_520_579
553	s_550_553
555	c_520_579
555	s_555_558
556	c_520_579
556	s_555_558
557	c_520_579
557	s_555_558
558	c_520_579
558	s_555_558
560	c_520_579
560	s_560_569
562	c_520_579
562	s_560_569
564	c_520_579
564	s_560_569
565	c_520_579
565	s_560_569
566	c_520_579
566	s_560_569
567	c_520_579
567	s_560_569
568	c_520_579
568	s_560_569
569	c_520_579
569	s_560_569
570	c_520_579
570	s_570_579
571	c_520_579
571	s_570_579
572	c_520_579
572	s_570_579
573	c_520_579
573	s_570_579
574	c_520_579
574	s_570_579
575	c_520_579
575	s_570_579
576	c_520_579
576	s_570_579
577	c_520_579
577	s_570_579
578	c_520_579
578	s_570_579
579	c_520_579
579	s_570_579
580	c_580_629
580	s_580_589
581	c_580_629
581	s_580_589
582	c_580_629
582	s_580_589
583	c_580_629
583	s_580_589
584	c_580_629
584	s_580_589
585	c_580_629
585	s_580_589
586	c_580_629
586	s_580_589
587	c_580_629
587	s_580_589
588	c_580_629
588	s_580_589
589	c_580_629
589	s_580_589
590	c_580_629
590	s_590_599
591	c_580_629
591	s_590_599
592	c_580_629
592	s_590_599
593	c_580_629
593	s_590_599
594	c_580_629
594	s_590_599
595	c_580_629
595	s_590_599
596	c_580_629
596	s_590_599
597	c_580_629
597	s_590_599
598	c_580_629
598	s_590_599
599	c_580_629
599	s_590_599
600	c_580_629
600	s_600_608
601	c_580_629
601	s_600_608
602	c_580_629
602	s_600_608
603	c_580_629
603	s_600_608
604	c_580_629
604	s_600_608
605	c_580_629
605	s_600_608
606	c_580_629
606	s_600_608
607	c_580_629
607	s_600_608
608	c_580_629
608	s_600_608
610	c_580_629
610	s_610_612
611	c_580_629
611	s_610_612
612	c_580_629
612	s_610_612
614	c_580_629
614	s_614_616
615	c_580_629
615	s_614_616
616	c_580_629
616	s_614_616
617	c_580_629
617	s_617_629
618	c_580_629
618	s_617_629
619	c_580_629
619	s_617_629
620	c_580_629
620	s_617_629
621	c_580_629
621	s_617_629
622	c_580_629
622	s_617_629
623	c_580_629
623	s_617_629
624	c_580_629
624	s_617_629
625	c_580_629
625	s_617_629
626	c_580_629
626	s_617_629
627	c_580_629
627	s_617_629
628	c_580_629
628	s_617_629
629	c_580_629
629	s_617_629
630	c_630_679
630	s_630_633
631	c_630_679
631	s_630_633
632	c_630_679
632	s_630_633
633	c_630_679
633	s_630_633
634	c_630_679
634	s_634_639
635	c_630_679
635	s_634_639
636	c_630_679
636	s_634_639
637	c_630_679
637	s_634_639
638	c_630_679
638	s_634_639
639	c_630_679
639	s_634_639
640	c_630_679
640	s_640_649
641	c_630_679
641	s_640_649
642	c_630_679
642	s_640_649
643	c_630_679
643	s_640_649
644	c_630_679
644	s_640_649
645	c_630_679
645	s_640_649
646	c_630_679
646	s_640_649
647	c_630_679
647	s_640_649
648	c_630_679
648	s_640_649
649	c_630_679
649	s_640_649
650	c_630_679
650	s_650_659
651	c_630_679
651	s_650_659
652	c_630_679
652	s_650_659
653	c_630_679
653	s_650_659
654	c_630_679
654	s_650_659
655	c_630_679
655	s_650_659
656	c_630_679
656	s_650_659
657	c_630_679
657	s_650_659
658	c_630_679
658	s_650_659
659	c_630_679
659	s_650_659
660	c_630_679
660	s_660_669
661	c_630_679
661	s_660_669
662	c_630_679
662	s_660_669
663	c_630_679
663	s_660_669
664	c_630_679
664	s_660_669
665	c_630_679
665	s_660_669
666	c_630_679
666	s_660_669
667	c_630_679
667	s_660_669
668	c_630_679
668	s_660_669
669	c_630_679
669	s_660_669
670	c_630_679
670	s_670_677
671	c_630_679
671	s_670_677
672	c_630_679
672	s_670_677
673	c_630_679
673	s_670_677
674	c_630_679
674	s_670_677
675	c_630_679
675	s_670_677
676	c_630_679
676	s_670_677
677	c_630_679
677	s_670_677
678	c_630_679
678	s_678_679
679	c_630_679
679	s_678_679
680	c_680_709
680	s_680_686
681	c_680_709
681	s_680_686
682	c_680_709
682	s_680_686
683	c_680_709
683	s_680_686
684	c_680_709
684	s_680_686
685	c_680_709
685	s_680_686
686	c_680_709
686	s_680_686
690	c_680_709
690	s_690_698
691	c_680_709
691	s_690_698
692	c_680_709
692	s_690_698
693	c_680_709
693	s_690_698
694	c_680_709
694	s_690_698
695	c_680_709
695	s_690_698
696	c_680_709
696	s_690_698
697	c_680_709
697	s_690_698
698	c_680_709
698	s_690_698
700	c_680_709
700	s_700_709
701	c_680_709
701	s_700_709
702	c_680_709
702	s_700_709
703	c_680_709
703	s_700_709
704	c_680_709
704	s_700_709
705	c_680_709
705	s_700_709
706	c_680_709
706	s_700_709
707	c_680_709
707	s_700_709
708	c_680_709
708	s_700_709
709	c_680_709
709	s_700_709
710	c_710_739
710	s_710_719
711	c_710_739
711	s_710_719
712	c_710_739
712	s_710_719
713	c_710_739
713	s_710_719
714	c_710_739
714	s_710_719
715	c_710_739
715	s_710_719
716	c_710_739
716	s_710_719
717	c_710_739
717	s_710_719
718	c_710_739
718	s_710_719
719	c_710_739
719	s_710_719
720	c_710_739
720	s_720_724
721	c_710_739
721	s_720_724
722	c_710_739
722	s_720_724
723	c_710_739
723	s_720_724
724	c_710_739
724	s_720_724
725	c_710_739
725	s_725_729
726	c_710_739
726	s_725_729
727	c_710_739
727	s_725_729
728	c_710_739
728	s_725_729
729	c_710_739
729	s_725_729
730	c_710_739
730	s_730_739
731	c_710_739
731	s_730_739
732	c_710_739
732	s_730_739
733	c_710_739
733	s_730_739
734	c_710_739
734	s_730_739
735	c_710_739
735	s_730_739
736	c_710_739
736	s_730_739
737	c_710_739
737	s_730_739
738	c_710_739
738	s_730_739
739	c_710_739
739	s_730_739
740	c_740_759
741	c_740_759
742	c_740_759
743	c_740_759
744	c_740_759
745	c_740_759
746	c_740_759
747	c_740_759
748	c_740_759
749	c_740_759
750	c_740_759
751	c_740_759
752	c_740_759
753	c_740_759
754	c_740_759
755	c_740_759
756	c_740_759
757	c_740_759
758	c_740_759
759	c_740_759
760	c_760_779
760	s_760_763
761	c_760_779
761	s_760_763
762	c_760_779
762	s_760_763
763	c_760_779
763	s_760_763
764	c_760_779
764	s_764_779
765	c_760_779
765	s_764_779
766	c_760_779
766	s_764_779
767	c_760_779
767	s_764_779
768	c_760_779
768	s_764_779
769	c_760_779
769	s_764_779
770	c_760_779
770	s_764_779
771	c_760_779
771	s_764_779
772	c_760_779
772	s_764_779
773	c_760_779
773	s_764_779
774	c_760_779
774	s_764_779
775	c_760_779
775	s_764_779
776	c_760_779
776	s_764_779
777	c_760_779
777	s_764_779
778	c_760_779
778	s_764_779
779	c_760_779
779	s_764_779
780	c_780_799
780	s_780_789
781	c_780_799
781	s_780_789
782	c_780_799
782	s_780_789
783	c_780_799
783	s_780_789
784	c_780_799
784	s_780_789
785	c_780_799
785	s_780_789
786	c_780_799
786	s_780_789
787	c_780_799
787	s_780_789
788	c_780_799
788	s_780_789
789	c_780_799
789	s_780_789
790	c_780_799
790	s_790_796
791	c_780_799
791	s_790_796
792	c_780_799
792	s_790_796
793	c_780_799
793	s_790_796
794	c_780_799
794	s_790_796
795	c_780_799
795	s_790_796
796	c_780_799
796	s_790_796
797	c_780_799
797	s_797_799
798	c_780_799
798	s_797_799
799	c_780_799
799	s_797_799
800	c_800_999
801	c_800_999
802	c_800_999
803	c_800_999
804	c_800_999
805	c_800_999
806	c_800_999
807	c_800_999
808	c_800_999
809	c_800_999
810	c_800_999
811	c_800_999
812	c_800_999
813	c_800_999
814	c_800_999
815	c_800_999
816	c_800_999
817	c_800_999
818	c_800_999
819	c_800_999
820	c_800_999
821	c_800_999
822	c_800_999
823	c_800_999
824	c_800_999
825	c_800_999
826	c_800_999
827	c_800_999
828	c_800_999
829	c_800_999
830	c_800_999
830	s_830_839
831	c_800_999
831	s_830_839
832	c_800_999
832	s_830_839
833	c_800_999
833	s_830_839
834	c_800_999
834	s_830_839
835	c_800_999
835	s_830_839
836	c_800_999
836	s_830_839
837	c_800_999
837	s_830_839
838	c_800_999
838	s_830_839
839	c_800_999
839	s_830_839
840	c_800_999
840	s_840_848
841	c_800_999
841	s_840_848
842	c_800_999
842	s_840_848
843	c_800_999
843	s_840_848
844	c_800_999
844	s_840_848
845	c_800_999
845	s_840_848
846	c_800_999
846	s_840_848
847	c_800_999
847	s_840_848
848	c_800_999
848	s_840_848
850	c_800_999
850	s_850_854
851	c_800_999
851	s_850_854
852	c_800_999
852	s_850_854
853	c_800_999
853	s_850_854
854	c_800_999
854	s_850_854
860	c_800_999
860	s_860_869
861	c_800_999
861	s_860_869
862	c_800_999
862	s_860_869
863	c_800_999
863	s_860_869
864	c_800_999
864	s_860_869
865	c_800_999
865	s_860_869
866	c_800_999
866	s_860_869
867	c_800_999
867	s_860_869
868	c_800_999
868	s_860_869
869	c_800_999
869	s_860_869
870	c_800_999
871	c_800_999
872	c_800_999
873	c_800_999
874	c_800_999
875	c_800_999
876	c_800_999
877	c_800_999
878	c_800_999
879	c_800_999
880	c_800_999
881	c_800_999
882	c_800_999
883	c_800_999
884	c_800_999
885	c_800_999
886	c_800_999
887	c_800_999
890	c_800_999
891	c_800_999
892	c_800_999
893	c_800_999
894	c_800_999
895	c_800_999
896	c_800_999
897	c_800_999
900	c_800_999
900	s_900_904
901	c_800_999
901	s_900_904
902	c_800_999
902	s_900_904
903	c_800_999
903	s_900_904
904	c_800_999
904	s_900_904
905	c_800_999
905	s_905_909
906	c_800_999
906	s_905_909
907	c_800_999
907	s_905_909
908	c_800_999
908	s_905_909
909	c_800_999
909	s_905_909
910	c_800_999
910	s_910_919
911	c_800_999
911	s_910_919
912	c_800_999
912	s_910_919
913	c_800_999
913	s_910_919
914	c_800_999
914	s_910_919
915	c_800_999
915	s_910_919
916	c_800_999
916	s_910_919
917	c_800_999
917	s_910_919
918	c_800_999
918	s_910_919
919	c_800_999
919	s_910_919
920	c_800_999
920	s_920_924
921	c_800_999
921	s_920_924
922	c_800_999
922	s_920_924
923	c_800_999
923	s_920_924
924	c_800_999
924	s_920_924
925	c_800_999
925	s_925_929
926	c_800_999
926	s_925_929
927	c_800_999
927	s_925_929
928	c_800_999
928	s_925_929
929	c_800_999
929	s_925_929
930	c_800_999
930	s_930_939
931	c_800_999
931	s_930_939
932	c_800_999
932	s_930_939
933	c_800_999
933	s_930_939
934	c_800_999
934	s_930_939
935	c_800_999
935	s_930_939
936	c_800_999
936	s_930_939
937	c_800_999
937	s_930_939
938	c_800_999
938	s_930_939
939	c_800_999
939	s_930_939
940	c_800_999
940	s_940_949
941	c_800_999
941	s_940_949
942	c_800_999
942	s_940_949
943	c_800_999
943	s_940_949
944	c_800_999
944	s_940_949
945	c_800_999
945	s_940_949
946	c_800_999
946	s_940_949
947	c_800_999
947	s_940_949
948	c_800_999
948	s_940_949
949	c_800_999
949	s_940_949
950	c_800_999
950	s_950_957
951	c_800_999
951	s_950_957
952	c_800_999
952	s_950_957
953	c_800_999
953	s_950_957
954	c_800_999
954	s_950_957
955	c_800_999
955	s_950_957
956	c_800_999
956	s_950_957
957	c_800_999
957	s_950_957
958	c_800_999
958	s_958_959
959	c_800_999
959	s_958_959
960	c_800_999
960	s_960_979
961	c_800_999
961	s_960_979
962	c_800_999
962	s_960_979
963	c_800_999
963	s_960_979
964	c_800_999
964	s_960_979
965	c_800_999
965	s_960_979
966	c_800_999
966	s_960_979
967	c_800_999
967	s_960_979
968	c_800_999
968	s_960_979
969	c_800_999
969	s_960_979
970	c_800_999
970	s_960_979
971	c_800_999
971	s_960_979
972	c_800_999
972	s_960_979
973	c_800_999
973	s_960_979
974	c_800_999
974	s_960_979
975	c_800_999
975	s_960_979
976	c_800_999
976	s_960_979
977	c_800_999
977	s_960_979
978	c_800_999
978	s_960_979
979	c_800_999
979	s_960_979
980	c_800_999
980	s_980_989
981	c_800_999
981	s_980_989
982	c_800_999
982	s_980_989
983	c_800_999
983	s_980_989
984	c_800_999
984	s_980_989
985	c_800_999
985	s_980_989
986	c_800_999
986	s_980_989
987	c_800_999
987	s_980_989
988	c_800_999
988	s_980_989
989	c_800_999
989	s_980_989
990	c_800_999
990	s_990_995
991	c_800_999
991	s_990_995
992	c_800_999
992	s_990_995
993	c_800_999
993	s_990_995
994	c_800_999
994	s_990_995
995	c_800_999
995	s_990_995
996	c_800_999
996	s_996_999
997	c_800_999
997	s_996_999
998	c_800_999
998	s_996_999
999	c_800_999
999	s_996_999
s_1_9	c_1_139
s_10_18	c_1_139
s_20_27	c_1_139
s_30_41	c_1_139
s_42_42	c_1_139
s_45_49	c_1_139
s_50_59	c_1_139
s_60_66	c_1_139
s_70_79	c_1_139
s_80_88	c_1_139
s_90_99	c_1_139
s_100_104	c_1_139
s_110_118	c_1_139
s_120_129	c_1_139
s_130_136	c_1_139
s_137_139	c_1_139
s_140_149	c_140_239
s_150_159	c_140_239
s_160_165	c_140_239
s_170_176	c_140_239
s_179_189	c_140_239
s_190_199	c_140_239
s_200_208	c_140_239
s_209_209	c_140_239
s_210_229	c_140_239
s_230_234	c_140_239
s_235_238	c_140_239
s_239_239	c_140_239
s_240_246	c_240_279
s_249_259	c_240_279
s_260_269	c_240_279
s_270_279	c_240_279
s_290_299	c_290_319
s_290_294	c_290_319
s_295_299	c_290_319
s_300_316	c_290_319
s_317_319	c_290_319
s_320_326	c_320_389
s_327_327	c_320_389
s_330_337	c_320_389
s_338_338	c_320_389
s_339_339	c_320_389
s_340_349	c_320_389
s_350_359	c_320_389
s_360_379	c_320_389
s_380_389	c_320_389
s_390_392	c_390_459
s_393_398	c_390_459
s_401_405	c_390_459
s_410_414	c_390_459
s_415_417	c_390_459
s_420_429	c_390_459
s_430_438	c_390_459
s_440_449	c_390_459
s_451_459	c_390_459
s_460_466	c_460_519
s_470_478	c_460_519
s_480_488	c_460_519
s_490_496	c_460_519
s_500_508	c_460_519
s_510_519	c_460_519
s_520_529	c_520_579
s_530_539	c_520_579
s_540_543	c_520_579
s_550_553	c_520_579
s_555_558	c_520_579
s_560_569	c_520_579
s_570_579	c_520_579
s_580_589	c_580_629
s_590_599	c_580_629
s_600_608	c_580_629
s_610_612	c_580_629
s_614_616	c_580_629
s_617_629	c_580_629
s_630_633	c_630_679
s_634_639	c_630_679
s_640_649	c_630_679
s_650_659	c_630_679
s_660_669	c_630_679
s_670_677	c_630_679
s_678_679	c_630_679
s_680_686	c_680_709
s_690_698	c_680_709
s_700_709	c_680_709
s_710_719	c_710_739
s_720_724	c_710_739
s_725_729	c_710_739
s_730_739	c_710_739
s_760_763	c_760_779
s_764_779	c_760_779
s_780_789	c_780_799
s_790_796	c_780_799
s_797_799	c_780_799
s_800_829	c_800_999
s_800_804	c_800_999
s_805_809	c_800_999
s_810_819	c_800_999
s_820_829	c_800_999
s_830_839	c_800_999
s_840_848	c_800_999
s_850_854	c_800_999
s_860_869	c_800_999
s_870_897	c_800_999
s_870_879	c_800_999
s_880_887	c_800_999
s_890_897	c_800_999
s_900_904	c_800_999
s_905_909	c_800_999
s_910_919	c_800_999
s_920_924	c_800_999
s_925_929	c_800_999
s_930_939	c_800_999
s_940_949	c_800_999
s_950_957	c_800_999
s_958_959	c_800_999
s_960_979	c_800_999
s_980_989	c_800_999
s_990_995	c_800_999
s_996_999	c_800_999
c_1_139	center
c_140_239	center
c_240_279	center
c_280_289	center
c_290_319	center
c_320_389	center
c_390_459	center
c_460_519	center
c_520_579	center
c_580_629	center
c_630_679	center
c_680_709	center
c_710_739	center
c_740_759	center
c_760_779	center
c_780_799	center
c_800_999	center
